{
  "pathClasses": [
    {
      "name": "Unclassified",
      "color": -12566464
    },
    {
      "name": "Tumor",
      "color": -3670016
    },
    {
      "name": "Stroma",
      "color": -6895466
    },
    {
      "name": "Immune cells",
      "color": -6268256
    },
    {
      "name": "Necrosis",
      "color": -13487566
    },
    {
      "name": "Other",
      "color": -14336
    },
    {
      "name": "Whitespace",
      "color": -4934476
    },
    {
      "name": "Hole",
      "color": -12566464
    },
    {
      "name": "Tissue",
      "color": -12566464
    },
    {
      "name": "Positive",
      "color": -3657166
    },
    {
      "name": "Negative",
      "color": -10855756
    },
    {
      "name": "grade1",
      "color": -11060494
    },
    {
      "name": "grade2",
      "color": -4687810
    },
    {
      "name": "grade3",
      "color": -6750208
    },
    {
      "name": "grade4",
      "color": -13209108
    },
    {
      "name": "adenom. hyperplasia",
      "color": -7906035
    },
    {
      "name": "cell",
      "color": -9743575
    },
    {
      "name": "tissue",
      "color": -1765456
    },
    {
      "name": "bkgd",
      "color": -7284576
    },
    {
      "name": "CG",
      "color": -13426985
    },
    {
      "name": "blabla",
      "color": -16183694
    },
    {
      "name": "low-fat",
      "color": -16723999
    },
    {
      "name": "mid-fat",
      "color": -15266938
    },
    {
      "name": "Cell-",
      "color": -8355712
    },
    {
      "name": "Cell-A",
      "color": -16711809
    },
    {
      "name": "Cell-B",
      "color": -33024
    },
    {
      "name": "Cell-C",
      "color": -8453889
    },
    {
      "name": "Cell-AB",
      "color": -8388864
    },
    {
      "name": "Cell-AC",
      "color": -16744449
    },
    {
      "name": "Cell-BC",
      "color": -65409
    },
    {
      "name": "Cell-ABC",
      "color": -1
    },
    {
      "name": "N",
      "color": -13487566
    },
    {
      "name": "None",
      "color": -13487566
    }
  ]
}